Usia,Angsuran,Pendapatan,Tenor,OTR,Uang_Muka,Pekerjaan,Status_Rumah,KKB,cluster
26,350000,1500000,17,6750000,3250000,5,0,1,0
40,670000,1200000,17,9850000,2850000,1,1,1,0
47,560000,15000000,23,15000000,8000000,5,1,0,0
35,450000,2100000,17,7500000,3000000,10,0,1,0
28,580000,3000000,17,9600000,3600000,5,1,1,0
22,300000,2000000,23,6900000,3400000,10,1,1,0
40,300000,2000000,23,6000000,2500000,5,1,1,0
36,410000,3000000,23,7700000,2700000,10,1,1,0
34,260000,2000000,11,4800000,2800000,10,1,1,0
42,390000,3000000,11,4600000,1600000,5,1,1,0
31,490000,3000000,17,10430000,5430000,5,1,1,0
22,400000,2500000,17,7300000,3300000,0,0,1,0
47,410000,4500000,23,8300000,3300000,10,2,1,0
40,1520000,2190000,23,38000000,18000000,0,1,0,0
32,390000,2000000,11,7000000,4000000,5,1,1,0
49,330000,2000000,23,6300000,2300000,0,1,1,0
48,950000,10000000,17,16000000,6000000,5,1,1,0
37,350000,1820000,17,5000000,1500000,0,1,1,0
52,560000,3000000,23,23000000,16000000,10,1,0,0
33,1200000,3000000,5,15100000,10100000,10,1,1,0
43,260000,1500000,11,4500000,2500000,5,1,1,0
28,560000,2000000,23,12300000,5300000,5,1,1,0
18,390000,2300000,11,5000000,2000000,1,0,1,0
18,400000,3000000,17,10000000,6000000,5,0,1,0
43,1070000,4500000,11,14000000,5500000,10,1,1,0
27,410000,2500000,23,9500000,4500000,1,1,1,0
43,580000,1500000,11,7000000,2500000,10,1,1,0
19,260000,1500000,11,3900000,1900000,1,0,1,0
58,350000,2000000,17,7000000,3500000,8,1,1,0
28,1260000,6000000,11,50000000,40000000,10,1,0,0
44,1670000,7000000,5,18000000,11000000,9,1,0,0
49,920000,3000000,23,20000000,8000000,0,1,1,0
28,490000,2100000,17,8200000,3200000,0,0,1,0
54,580000,3000000,11,8300000,3800000,5,1,1,0
25,1260000,1750000,11,25000000,15000000,1,0,0,0
25,390000,1500000,11,5000000,2000000,10,0,1,0
44,2460000,6000000,11,70000000,50000000,10,1,0,2
26,260000,2000000,11,3700000,1700000,10,0,1,0
32,330000,2500000,23,7000000,3000000,5,0,1,0
45,400000,1500000,17,6500000,2500000,1,1,1,0
57,330000,2362000,23,13500000,9500000,5,1,1,0
50,790000,4500000,23,16500000,6500000,5,1,1,0
59,580000,4500000,11,7700000,3200000,10,1,1,0
37,530000,5000000,17,12700000,7200000,5,1,1,0
28,1520000,7500000,23,65000000,45000000,10,1,0,2
25,920000,6000000,23,38000000,26000000,10,1,0,0
31,1520000,2500000,23,40000000,20000000,1,1,0,0
39,670000,6517500,23,12000000,3500000,1,1,1,0
51,2140000,29900000,23,50000000,20000000,10,1,0,0
40,360000,2600000,5,3350000,1850000,5,1,1,0
36,1230000,6000000,11,20000000,10000000,0,0,0,0
25,1230000,5000000,11,30000000,20000000,0,0,0,0
37,390000,3000000,23,9140000,4140000,5,1,1,0
24,250000,2100000,11,3700000,1700000,1,0,1,0
41,370000,1300000,11,5500000,2500000,1,1,1,0
60,470000,2500000,5,3600000,1600000,8,1,1,0
29,620000,1700000,11,14000000,9000000,10,1,1,0
30,920000,4500000,17,25000000,15000000,1,1,0,0
40,370000,2000000,11,7700000,4700000,5,1,1,0
22,1000000,5200000,17,19000000,8000000,1,0,1,0
40,510000,5000000,17,9100000,3600000,5,1,1,0
22,620000,1500000,11,10000000,5000000,10,0,1,0
30,550000,2400000,17,10550000,4550000,1,0,1,0
25,2140000,5200000,23,50000000,20000000,10,1,0,0
60,230000,1500000,23,6000000,3000000,10,1,1,0
26,330000,2100000,17,5000000,1500000,10,0,1,0
34,350000,3000000,23,9500000,5000000,5,1,1,0
44,460000,4500000,23,9100000,3100000,10,1,1,0
34,560000,1623000,11,7500000,3000000,1,1,1,0
42,190000,2100000,17,6000000,4000000,0,1,1,0
40,760000,5000000,23,25000000,15000000,0,1,0,0
38,240000,1800000,5,3700000,2700000,0,0,1,0
31,440000,4500000,11,6000000,2500000,10,1,1,0
36,1120000,6000000,23,25000000,10000000,5,1,0,0
28,600000,3000000,17,9500000,3000000,10,0,1,0
24,1270000,3250000,17,23500000,9500000,1,0,1,0
39,1120000,5500000,23,38000000,23000000,1,1,0,0
39,310000,5500000,23,6800000,2800000,1,1,1,0
39,490000,5500000,23,17300000,10800000,1,1,1,0
56,440000,2500000,11,9000000,5500000,1,0,1,0
52,420000,3751000,23,10000000,4500000,0,1,1,0
56,550000,9000000,17,30000000,24000000,10,1,0,0
46,280000,12000000,17,15000000,12000000,5,1,0,0
41,490000,5600000,23,9500000,3000000,5,1,1,0
38,270000,3000000,23,5500000,2000000,5,1,1,0
25,460000,2800000,23,9100000,3100000,8,0,1,0
30,780000,2500000,17,15000000,6500000,1,0,1,0
35,370000,2450000,11,6700000,3700000,1,1,1,0
61,310000,3500000,23,25000000,21000000,0,1,0,0
32,240000,3000000,17,3900000,1400000,1,0,1,0
34,370000,2240000,11,5000000,2000000,1,1,1,0
36,620000,10000000,11,7500000,2500000,0,1,1,0
38,620000,3000000,11,7600000,2600000,5,1,1,0
41,420000,2586000,17,7000000,2500000,1,1,1,0
61,1050000,3000000,23,20000000,6000000,10,1,0,0
31,920000,2000000,11,13000000,5500000,10,1,1,0
48,470000,4500000,17,8500000,3500000,5,1,1,0
30,230000,2200000,23,5100000,2100000,1,1,1,0
35,830000,4800000,5,5500000,2000000,5,1,1,0
40,510000,3000000,17,8000000,2500000,5,1,1,0
28,190000,2210015,11,2500000,1000000,1,0,1,0
53,680000,5000000,11,8000000,2500000,0,1,1,0
31,620000,3446200,11,8900000,3900000,1,1,1,0
26,610000,5000000,23,16000000,8000000,10,1,0,0
35,190000,3840000,11,8000000,6500000,1,1,1,0
31,440000,1900000,11,7500000,4000000,1,0,1,0
36,560000,3200000,11,7500000,3000000,10,0,1,0
34,440000,2074099,11,6300000,2800000,1,0,1,0
30,370000,3000000,11,4500000,1500000,5,0,1,0
42,550000,3000000,17,15000000,9000000,5,1,0,0
21,620000,1752971,11,9000000,4000000,1,0,1,0
31,620000,4000000,11,25000000,20000000,5,0,0,0
28,370000,3393065,17,7000000,3000000,1,0,1,0
73,250000,2000000,11,35000000,1500000,5,1,1,0
28,390000,5000000,23,7700000,2700000,10,0,1,0
26,370000,3506000,11,6300000,3300000,1,0,1,0
29,940000,2372501,5,6300000,2300000,1,0,1,0
22,470000,2040895,17,7500000,2500000,1,0,1,0
30,370000,5102837,17,6500000,2500000,1,1,1,0
23,370000,4104000,11,15000000,12000000,1,0,1,0
28,1360000,4924573,17,30000000,15000000,1,0,0,0
28,500000,1800000,11,6300000,2300000,1,0,1,0
36,1180000,3000000,5,8800000,3800000,1,0,1,0
36,940000,2250000,5,7000000,3000000,1,0,1,0
54,470000,3000000,17,15500000,10500000,5,1,1,0
29,610000,7898600,23,15000000,7000000,1,1,1,0
37,310000,2000000,11,4500000,2000000,5,1,1,0
41,250000,3000000,11,3700000,1700000,5,1,1,0
35,900000,8000000,23,25000000,15000000,10,1,0,0
49,370000,1500000,11,6500000,3500000,5,1,1,0
28,1180000,2416031,17,60000000,47000000,1,1,0,2
48,330000,5000000,17,6000000,2500000,0,1,1,0
33,1360000,6000000,17,35000000,20000000,10,1,0,0
29,230000,2300000,23,5500000,2500000,1,1,1,0
46,1590000,3000000,23,40000000,18000000,5,1,0,0
36,500000,2800000,11,6500000,2500000,1,1,1,0
57,620000,5000000,11,12000000,7000000,5,1,0,0
41,1170000,6000000,11,16000000,6500000,10,1,1,0
42,370000,2000000,17,6500000,2500000,5,1,1,0
43,310000,2000000,11,3700000,1200000,10,1,1,0
25,280000,1869150,17,5000000,2000000,1,0,1,0
49,560000,4000000,11,6900000,2400000,5,1,1,0
53,500000,3000000,11,7500000,3500000,5,1,1,0
21,870000,2600000,17,16500000,7000000,1,0,1,0
33,560000,2758000,11,7500000,3000000,1,1,1,0
59,1470000,4260800,23,40000000,20000000,0,1,0,0
34,1250000,2337000,23,30000000,13000000,1,1,0,0
28,1170000,9000000,11,15000000,5500000,10,1,1,0
28,1470000,5500000,23,35000000,15000000,10,1,0,0
44,470000,2000000,5,5000000,3000000,0,0,1,0
22,390000,2000000,23,8000000,3000000,5,0,1,0
30,250000,2000000,11,5500000,3500000,5,1,1,0
40,1470000,6000000,23,35000000,15000000,10,1,0,0
37,240000,2071228,17,4300000,1800000,1,0,1,0
47,560000,2000000,11,8000000,3500000,10,1,1,0
58,1470000,9000000,23,35000000,15000000,0,1,0,0
36,280000,2500000,17,5000000,2000000,1,0,1,0
35,350000,3514600,23,7500000,3000000,0,1,1,0
24,440000,2600000,11,5500000,2000000,1,0,1,0
36,370000,2830000,17,7000000,3000000,1,1,1,0
25,230000,2892269,23,5000000,2000000,1,1,1,0
21,860000,2238924,11,12700000,5700000,1,0,1,0
35,500000,3384000,11,6700000,2700000,1,1,1,0
43,600000,6000000,23,17000000,9000000,5,1,0,0
37,680000,7000000,23,16000000,6000000,0,1,1,0
28,1220000,7500000,23,35000000,18000000,10,1,0,0
41,1440000,9100000,23,35000000,15000000,10,1,0,0
29,370000,2692812,17,7000000,3000000,1,1,1,0
35,280000,2500000,17,5000000,2000000,5,1,1,0
32,3250000,30000000,29,120000000,60000000,10,1,0,2
28,370000,4777005,11,6200000,3200000,1,1,1,0
49,1440000,6000000,23,35000000,15000000,10,1,0,0
41,470000,3500000,17,75000000,25000000,10,1,1,2
32,600000,1998000,23,15000000,7000000,1,0,0,0
31,740000,4500000,11,10000000,4000000,5,1,1,0
42,370000,4000000,11,5500000,2500000,10,1,1,0
28,370000,3270525,11,5000000,2000000,1,0,1,0
43,620000,2820930,11,35000000,30000000,1,1,0,0
45,4780000,50000000,35,180000000,80000000,10,1,0,2
57,1220000,6000000,23,25000000,8000000,10,1,0,0
22,500000,1604000,11,7000000,3000000,1,0,1,0
39,2060000,9000000,23,50000000,20000000,10,1,0,0
67,2380000,14000000,11,45000000,25000000,0,1,1,0
26,500000,5383626,11,11000000,7000000,1,0,1,0
36,390000,3200000,23,15000000,10000000,0,1,0,0
34,680000,1800000,23,17000000,8000000,1,0,0,0
35,2160000,3000000,17,50000000,25000000,0,1,0,0
32,550000,2000000,17,9500000,3500000,5,1,1,0
33,2390000,5000000,35,145000000,95000000,5,1,0,2
53,4680000,1200000000,23,150000000,75000000,0,1,0,1
32,280000,3000000,17,5000000,2000000,10,0,1,0
32,4680000,1200000000,23,150000000,75000000,0,1,0,1
45,740000,4000000,11,10500000,4500000,10,0,1,0
37,2550000,36000000,5,25000000,14000000,5,1,0,0
26,500000,2489327,11,7000000,3000000,1,0,1,0
29,470000,2300000,17,10000000,5000000,1,0,1,0
25,750000,3700000,23,25000000,10000000,0,0,0,0
38,470000,2500000,17,8500000,3500000,1,1,1,0
51,1760000,6000000,17,40000000,20000000,0,1,0,0
41,880000,2500000,23,20000000,8000000,5,1,1,0
53,3440000,100000000,23,105000000,50000000,0,1,0,2
53,4060000,100000000,23,130000000,65000000,0,1,0,2
28,1170000,12500000,17,30000000,17000000,5,0,0,0
33,500000,3798646,11,6300000,2300000,1,0,1,0
25,310000,3701199,23,6300000,2300000,1,0,1,0
24,550000,4340000,17,16000000,10000000,1,0,0,0
41,370000,2842200,17,7000000,3000000,1,1,1,0
50,3590000,122000000,35,140000000,65000000,0,1,0,2
18,280000,1869150,17,5300000,2300000,1,0,1,0
40,1340000,4500000,17,28000000,13000000,10,1,0,0
51,1340000,3000000,17,30000000,15000000,10,1,0,0
31,640000,5000000,17,14000000,7000000,10,0,0,0
20,500000,2700000,11,9000000,5000000,1,0,1,0
29,4060000,62500000,23,130000000,65000000,0,1,0,2
35,550000,6000000,17,9500000,3500000,10,1,1,0
41,2620000,63000000,23,120000000,80000000,0,1,0,2
47,1220000,4550000,11,30000000,20000000,0,1,0,0
44,1930000,9000000,23,50000000,22000000,10,1,0,0
51,1100000,5000000,23,23000000,8000000,10,1,0,0
58,2060000,7700000,29,65000000,30000000,0,1,0,2
57,1220000,5000000,23,27000000,10000000,5,1,0,0
25,370000,3395000,17,6200000,2200000,1,0,1,0
53,3750000,10000000,23,110000000,50000000,0,1,0,2
57,450000,1000000,23,16000000,10000000,6,1,0,0
44,1440000,3300000,23,50000000,30000000,1,0,0,0
33,1440000,3400000,23,35000000,15000000,1,0,0,0
38,990000,5000000,17,25000000,14000000,0,1,0,0
37,1100000,5000000,23,30000000,15000000,0,1,0,0
43,4680000,70400000,23,140000000,65000000,0,1,0,2
43,4680000,70400000,23,140000000,65000000,0,1,0,2
29,1300000,2445000,23,31000000,13000000,1,0,0,0
53,280000,6000000,17,7000000,4000000,10,1,1,0
32,3830000,72000000,35,140000000,60000000,0,1,0,2
49,550000,1500000,17,10000000,4000000,10,1,1,0
35,370000,5000000,17,8000000,4000000,1,1,1,0
41,750000,5000000,23,18000000,8000000,10,1,0,0
37,1440000,1600000,23,45000000,25000000,1,0,0,0
31,390000,2000000,23,8000000,3000000,1,1,1,0
53,15340000,72000000,11,290000000,150000000,0,1,0,2
42,2060000,9000000,29,85000000,50000000,0,1,0,2
41,620000,2000000,11,10000000,5000000,5,1,1,0
59,4610000,10000000,5,70000000,50000000,10,1,0,2
30,1440000,5000000,23,36000000,16000000,10,0,1,0
46,1300000,3400000,23,30000000,12000000,1,1,0,0
31,1440000,4000000,23,35000000,15000000,1,0,0,0
36,470000,3000000,17,8500000,3500000,1,0,1,0
45,5480000,59000000,11,85000000,35000000,10,1,0,2
34,4060000,30000000,23,110000000,45000000,0,0,0,2
26,1620000,4250000,23,47000000,24000000,1,0,1,0
45,990000,2000000,17,20000000,9000000,10,1,0,0
41,6810000,20000000,5,125000000,95000000,10,1,0,2
43,470000,5000000,17,9000000,4000000,5,1,1,0
28,500000,1500000,11,8000000,4000000,1,0,1,0
34,500000,4000000,17,10000000,5000000,10,1,1,0
44,580000,8000000,17,10000000,4000000,0,1,1,0
53,4690000,72000000,23,125000000,50000000,0,1,0,2
20,1240000,3000000,11,17000000,7000000,1,0,1,0
26,1310000,8000000,11,20000000,10000000,5,1,0,0
48,1450000,6000000,17,40000000,25000000,10,1,0,0
42,1250000,4000000,5,9500000,4500000,10,1,1,0
18,370000,2300000,17,7500000,4000000,1,0,1,0
49,2990000,72000000,17,65000000,30000000,0,1,0,2
49,2230000,72000000,17,50000000,25000000,0,1,0,2
55,2740000,10500000,23,81000000,41000000,5,1,0,2
52,2140000,8000000,29,60000000,25000000,5,1,0,2
29,690000,4000000,11,8750000,3500000,8,1,1,0
49,1450000,6000000,17,40000000,25000000,10,1,1,0
37,1070000,2800000,17,20000000,8000000,1,1,1,0
38,430000,3000000,11,5000000,2000000,0,0,1,0
35,660000,5000000,11,8750000,3750000,5,1,1,0
43,3330000,70400000,35,120000000,50000000,0,1,0,2
46,1420000,8000000,29,38000000,16000000,10,1,0,0
36,2820000,20000000,17,55000000,22000000,10,1,0,0
40,500000,2000000,17,9500000,4500000,0,1,1,0
42,1860000,22500000,29,50000000,20000000,10,1,0,0
34,4450000,75200000,23,120000000,50000000,0,1,0,2
34,4450000,75200000,23,120000000,50000000,0,1,0,2
19,1340000,3000000,17,23500000,8500000,1,0,1,0
23,820000,4000000,17,14000000,6000000,1,1,0,0
54,1250000,4500000,17,20000000,6000000,0,1,1,0
51,2590000,25000000,17,50000000,20000000,0,1,0,0
35,410000,2980000,17,7250000,3250000,1,1,1,0
51,2590000,25000000,17,50000000,20000000,0,1,0,0
54,760000,5000000,17,14000000,6000000,4,1,1,0
43,1550000,34000000,29,40000000,16000000,1,1,0,0
34,490000,4000000,17,8000000,3250000,10,1,1,0
38,1960000,11300000,29,78000000,46000000,10,1,0,2
42,610000,4000000,11,7500000,3000000,5,1,1,0
33,660000,3000000,11,9000000,4000000,5,1,1,0
44,1240000,4000000,11,17250000,7250000,0,1,1,0
42,990000,5000000,11,14500000,6500000,5,1,1,0
39,2230000,6500000,17,41000000,16000000,1,1,0,0
46,500000,4000000,17,9000000,4000000,10,1,1,0
45,500000,4000000,17,7250000,2250000,10,1,1,0
44,1070000,3000000,17,18500000,6500000,5,1,1,0
34,1220000,6000000,23,25000000,10000000,0,1,0,0
49,5170000,10000000,5,40000000,18000000,1,1,0,0
20,500000,2000000,17,9000000,4000000,1,0,1,0
32,500000,2000000,17,10000000,5000000,1,0,1,0
55,1690000,4611000,23,96000000,73000000,0,1,0,2
51,1690000,8000000,17,30000000,12000000,0,1,0,0
49,4110000,72000000,11,65000000,30000000,0,1,1,2
31,890000,2932000,11,14000000,7000000,1,1,1,0
44,680000,4000000,17,14500000,7500000,8,1,1,0
29,1570000,3424000,23,41000000,19000000,1,0,1,0
46,660000,4000000,11,7300000,2300000,0,1,1,0
42,710000,4500000,17,35000000,28000000,5,1,0,0
50,820000,3443800,17,15000000,7000000,1,1,0,0
26,800000,2976407,17,14250000,5250000,1,0,1,0
51,320000,2500000,17,5000000,2000000,10,0,1,0
42,580000,3400000,17,10500000,4500000,5,1,1,0
41,780000,1637000,11,8750000,2750000,1,0,1,0
22,930000,5000000,11,15500000,8000000,1,0,1,0
33,410000,4625000,17,8750000,4750000,10,0,1,0
41,550000,2000000,11,7000000,3000000,5,1,1,0
31,820000,4038360,11,9750000,3250000,1,1,1,0
40,930000,6500000,11,17000000,9500000,0,1,1,0
52,890000,5601954,11,12250000,5250000,1,0,1,0
46,1120000,5400000,11,15000000,6000000,5,1,1,0
39,890000,9000000,11,12000000,5000000,10,1,1,0
20,1250000,3290668,5,8750000,3750000,1,0,1,0
25,1320000,7670000,23,40000000,20000000,1,0,0,0
31,720000,4711413,17,12250000,4250000,1,0,1,0
41,630000,5314612,17,11000000,4000000,1,1,1,0
32,720000,4800000,17,13750000,5750000,5,1,1,0
39,980000,2800000,17,30000000,18000000,1,1,0,0
42,670000,3700000,11,18000000,13000000,10,1,0,0
29,660000,4016700,11,9000000,4000000,1,1,1,0
47,460000,4067000,17,9000000,4000000,10,1,1,0
51,530000,4800000,11,8000000,4000000,10,1,1,0
30,460000,1700000,17,7250000,2250000,0,1,1,0
42,3260000,17200000,17,111000000,71000000,10,1,0,2
36,850000,2385000,11,14500000,7500000,1,0,1,0
26,590000,6131666,11,11000000,6500000,1,1,1,0
32,1210000,14400000,11,15500000,5500000,10,1,1,0
45,3030000,19110000,11,42000000,17000000,10,1,0,0
44,1550000,5200000,23,56000000,31000000,0,1,0,0
39,460000,2620000,17,8750000,3750000,10,1,1,0
56,1370000,7750000,11,82000000,70000000,5,1,0,2
21,1210000,3337641,11,17500000,7500000,1,0,1,0
59,590000,4800000,11,8750000,4250000,10,1,1,0
39,760000,5600000,11,14000000,8000000,1,1,1,0
20,760000,4500000,11,10500000,4500000,10,0,1,0
39,990000,7200000,23,28700000,13700000,10,1,0,0
26,1210000,8000000,11,15500000,5500000,10,1,1,0
54,470000,3560000,11,6000000,2500000,8,1,1,0
58,660000,2800000,11,11000000,6000000,5,1,1,0
47,1450000,7650000,17,30000000,15000000,5,1,0,0
52,1550000,17100000,23,51000000,26000000,0,1,0,0
41,550000,2000000,17,9750000,3750000,10,0,1,0
30,460000,1612000,17,10000000,5000000,5,0,1,0
46,660000,2600000,11,10000000,5000000,1,0,1,0
27,440000,5312500,17,9500000,5000000,5,0,1,0
32,600000,3900000,17,13500000,7000000,5,0,1,0
44,550000,4090000,17,13000000,7000000,1,1,1,0
37,2230000,10500000,5,41000000,31000000,10,1,0,0
26,390000,1660414,17,7500000,3500000,1,0,1,0
41,1130000,20800000,35,37000000,15000000,10,1,0,0
42,1210000,4800000,11,28400000,18400000,5,1,1,0
32,850000,6500000,17,18500000,9000000,5,0,1,0
36,660000,7800000,11,7500000,2500000,0,1,1,0
27,550000,2306500,17,9000000,3000000,1,1,1,0
37,630000,7800000,17,12250000,5250000,5,1,1,0
23,550000,2740375,17,10500000,4500000,1,0,1,0
25,390000,2962990,17,7500000,3500000,1,1,1,0
28,390000,6390826,17,7300000,3300000,1,0,1,0
32,760000,2700000,11,10500000,4500000,5,0,1,0
44,1370000,7942350,23,38000000,16000000,10,1,0,0
41,440000,12000000,17,7500000,3000000,10,1,1,0
38,1470000,7800000,5,13750000,7750000,10,1,1,0
26,300000,4498024,17,7300000,4300000,1,0,1,0
34,550000,1650000,17,12500000,6500000,10,1,1,0
49,460000,4231720,17,8750000,3750000,1,1,1,0
29,660000,6680000,11,9500000,4500000,1,1,1,0
35,1250000,7800000,5,7500000,2500000,5,1,1,0
36,1210000,6777000,11,18500000,8500000,9,1,1,0
34,1450000,10400000,17,25000000,10000000,10,1,0,0
20,550000,2422120,17,11000000,5000000,1,0,1,0
34,530000,2741418,11,7250000,3250000,1,0,1,0
25,890000,2418938,17,17500000,7500000,1,0,1,0
24,510000,2800000,17,8000000,2500000,1,0,1,0
45,660000,8400000,11,13000000,8000000,10,1,1,0
48,460000,5200000,17,14500000,9500000,5,1,1,0
24,600000,1797902,17,12250000,5750000,1,0,1,0
46,550000,5000000,17,12000000,6000000,10,1,1,0
41,1320000,20800000,29,39000000,16000000,10,1,0,0
32,410000,5200000,11,9500000,6500000,5,1,1,0
42,660000,4680000,11,9000000,4000000,10,1,1,0
30,970000,3640000,17,20000000,10000000,5,1,0,0
45,480000,2800000,17,9750000,4500000,5,1,1,0
29,970000,4182492,11,12000000,4000000,1,0,1,0
32,470000,2949000,11,7000000,3500000,1,0,1,0
33,1550000,16250000,17,32000000,13000000,10,0,0,0
46,660000,3200000,11,9750000,4750000,10,0,1,0
42,410000,2309000,11,4500000,1500000,1,0,1,0
24,660000,2237700,11,8750000,3750000,1,0,1,0
29,390000,1987000,17,7500000,3500000,1,1,1,0
31,530000,3500000,11,6500000,2500000,10,1,1,0
47,660000,5200000,11,10500000,5500000,10,1,1,0
46,850000,5250000,17,13750000,4250000,10,1,1,0
46,850000,7800000,11,13000000,6000000,5,1,1,0
51,410000,5074142,11,5000000,2000000,1,1,1,0
25,390000,1834500,17,8500000,4500000,1,0,1,0
41,550000,4043704,17,10500000,4500000,1,1,1,0
38,560000,5250000,11,8750000,4500000,10,1,1,0
31,550000,4160000,17,10500000,4500000,10,1,1,0
50,390000,9100000,17,7300000,3300000,5,1,1,0
48,460000,2465202,17,8750000,3750000,1,1,1,0
31,300000,1300000,17,5000000,2000000,0,0,1,0
32,300000,7800000,17,5000000,2000000,5,0,1,0
34,1890000,4983203,35,100000000,60000000,1,1,0,2
29,760000,3335942,11,10500000,4500000,1,0,1,0
29,1150000,6750000,11,14000000,4500000,10,0,1,0
41,410000,6000000,11,7000000,4000000,5,1,1,0
33,890000,6500000,17,17250000,7250000,10,0,1,0
32,460000,3900000,17,12000000,7000000,10,1,1,0
21,550000,3000000,17,10500000,4500000,1,0,1,0
54,2230000,16900000,35,72000000,22000000,10,1,0,2
28,550000,4043976,17,10500000,4500000,1,0,1,0
38,1150000,10400000,11,13750000,4250000,5,1,1,0
25,530000,3173800,11,6000000,2000000,1,0,1,0
25,390000,2600000,17,8000000,4000000,5,0,1,0
49,660000,2340000,11,8750000,3750000,0,1,1,0
33,390000,3000000,17,8750000,4750000,10,0,1,0
24,410000,1102000,11,6000000,3000000,1,0,1,0
52,720000,4200000,17,14000000,6000000,10,1,1,0
37,1270000,10500000,29,41000000,16000000,10,1,0,0
47,480000,7800000,17,9000000,3750000,5,1,1,0
41,550000,3500000,17,10500000,4500000,5,1,1,0
42,890000,16250000,17,14500000,4500000,10,1,1,0
46,460000,5622133,17,7250000,2250000,1,1,1,0
52,460000,3200000,17,7500000,2500000,1,1,1,0
40,380000,6700000,23,11000000,6000000,10,1,1,0
54,660000,7200000,11,8500000,3500000,5,1,1,0
34,800000,4662748,17,14000000,5000000,1,0,1,0
41,660000,4300000,11,9000000,4000000,1,1,1,0
37,380000,4500000,23,8500000,3500000,10,1,1,0
39,530000,2580000,11,10500000,6500000,1,1,1,0
52,1250000,4058445,5,11000000,6000000,1,1,1,0
33,410000,3900000,17,7250000,3000000,5,1,1,0
33,760000,2317595,11,8750000,2750000,1,1,1,0
27,390000,3000000,17,7750000,3750000,1,1,1,0
24,530000,2499400,11,7250000,3250000,1,0,1,0
36,630000,4200000,17,17500000,10500000,5,1,1,0
24,660000,4000000,11,7300000,2300000,1,1,1,0
25,760000,2530000,11,8750000,2750000,1,1,1,0
28,300000,3900000,17,7250000,4250000,5,0,1,0
49,1270000,7840000,23,35000000,15000000,5,1,0,0
52,2040000,10400000,5,14500000,6000000,5,1,1,0
20,460000,2000000,17,8500000,3500000,1,0,1,0
39,660000,2275000,11,8750000,3750000,5,1,1,0
30,520000,4200000,23,10500000,3500000,1,0,1,0
29,460000,1500000,23,9000000,3000000,5,0,1,0
39,600000,3000000,17,9500000,3000000,10,1,1,0
50,1220000,6613900,23,22000000,7000000,0,1,0,0
39,960000,6500000,23,25000000,10000000,10,1,0,0
52,3050000,22000000,35,119000000,49000000,0,1,0,2
30,390000,2550000,17,7500000,3500000,1,0,1,0
43,660000,5980000,11,9000000,4000000,5,0,1,0
56,1250000,9000000,5,8750000,3750000,10,1,1,0
36,720000,4550000,11,9500000,4000000,5,1,1,0
38,1090000,3410450,11,13000000,4000000,1,1,1,0
25,510000,2303000,17,8500000,3000000,1,0,1,0
21,720000,4675628,11,14000000,8500000,1,0,1,0
45,800000,4000000,17,13500000,4500000,1,1,1,0
23,530000,3195183,11,7300000,3300000,1,0,1,0
45,410000,2800000,11,5000000,2000000,0,1,1,0
54,300000,2600000,17,5000000,2000000,0,1,1,0
37,480000,3900000,17,8750000,3500000,5,0,1,0
34,850000,5200000,11,12500000,5500000,1,1,1,0
40,460000,4550000,17,8000000,3000000,5,1,1,0
47,390000,4959720,17,8500000,4500000,1,1,1,0
27,910000,4875000,5,6000000,2500000,10,0,1,0
40,460000,3900000,23,14000000,8000000,10,1,1,0
42,350000,6000000,17,5500000,2000000,1,1,1,0
41,1250000,3800000,5,9000000,4000000,1,1,1,0
32,300000,2730000,17,5000000,2000000,5,0,1,0
22,520000,2600000,23,11000000,4000000,1,1,1,0
30,390000,4500000,17,7250000,3250000,10,1,1,0
25,410000,900000,11,7250000,4250000,10,0,1,0
37,1210000,7500000,11,14500000,4500000,10,0,1,0
32,440000,1500000,17,7250000,2750000,5,0,1,0
51,2220000,13500000,11,74000000,54000000,8,1,0,2
42,380000,6500000,23,7300000,2300000,10,1,1,0
21,760000,4000000,11,9750000,3750000,1,0,1,0
28,380000,2750000,23,7250000,2250000,1,0,1,0
33,970000,5150000,11,13000000,5000000,1,1,1,0
30,660000,3324000,11,12250000,7250000,1,0,1,0
47,590000,2245663,23,14000000,6000000,1,1,1,0
33,2620000,11700000,35,105000000,45000000,10,1,0,2
29,460000,1600000,17,7300000,2300000,1,0,1,0
37,350000,2730000,17,6000000,2500000,10,0,1,0
37,530000,3500000,11,7000000,3000000,1,1,1,0
37,720000,3412950,17,12250000,4250000,1,1,1,0
27,550000,2000000,17,12250000,6250000,0,1,1,0
21,1250000,2727230,5,11000000,6000000,1,0,1,0
44,530000,5200000,11,9000000,5000000,5,1,1,0
21,800000,4200000,17,15500000,6500000,1,0,1,0
47,1090000,5460000,11,25750000,16750000,0,1,1,0
40,630000,9600000,17,10500000,3500000,10,0,1,0
27,970000,4124000,17,18000000,8000000,1,1,0,0
32,1740000,10500000,29,111000000,76000000,10,1,0,2
28,410000,3900000,11,6750000,3750000,5,0,1,0
29,850000,5000000,11,12000000,5000000,8,0,1,0
22,630000,3900000,17,12250000,5250000,10,0,1,0
28,880000,5200000,35,34000000,14000000,5,1,0,0
30,850000,4000000,11,11000000,4000000,1,0,1,0
32,850000,5200000,11,14000000,7000000,5,1,1,0
29,530000,3885815,11,9500000,5500000,1,0,1,0
29,590000,3900000,23,12250000,4250000,5,1,1,0
45,580000,5200000,17,10500000,4250000,5,1,1,0
43,550000,3900000,17,10000000,4000000,0,1,1,0
22,670000,3900000,17,12250000,4750000,5,0,1,0
44,760000,8000000,11,10500000,4500000,0,0,1,0
54,1220000,6000000,23,35000000,20000000,1,1,0,0
42,460000,1560000,23,9000000,3000000,5,1,1,0
36,590000,4000000,11,7000000,2500000,1,1,1,0
24,1210000,5390200,11,14500000,4500000,1,0,1,0
21,300000,3900000,17,5250000,2250000,1,0,1,0
41,440000,4558000,11,5500000,2250000,1,1,1,0
34,850000,2300000,11,12000000,5000000,1,1,1,0
32,440000,3900000,17,7500000,3000000,5,0,1,0
26,550000,3510000,17,8750000,2750000,5,1,1,0
25,970000,4500000,11,17500000,9500000,1,0,1,0
45,630000,2000000,17,10500000,3500000,0,1,1,0
41,770000,4550000,23,18500000,6500000,1,1,1,0
20,630000,3600000,17,12000000,5000000,1,0,1,0
25,850000,4840000,11,14000000,7000000,1,0,1,0
27,550000,2608400,17,11000000,5000000,1,0,1,0
25,650000,1790000,17,10500000,3250000,1,0,1,0
39,550000,2632455,17,9500000,3500000,1,1,1,0
22,390000,4540450,17,8750000,4750000,1,0,1,0
26,520000,3900000,23,10500000,3500000,5,1,1,0
29,530000,3380000,11,8750000,4750000,5,0,1,0
44,530000,4000000,11,7000000,3000000,10,1,1,0
49,630000,3640000,17,10500000,3500000,5,1,1,0
26,390000,3200000,17,6000000,2000000,1,0,1,0
34,460000,3500000,23,9750000,3750000,10,1,1,0
42,630000,6000000,17,12500000,5500000,10,1,1,0
37,460000,3360000,23,11000000,5000000,10,1,1,0
47,780000,4160000,5,7250000,4250000,10,1,1,0
24,660000,1800000,11,7250000,2250000,5,0,1,0
24,720000,2754000,23,14000000,4250000,1,0,1,0
24,660000,2379500,11,7500000,2500000,1,0,1,0
45,1110000,7800000,17,80000000,65000000,5,1,0,2
30,590000,2925000,23,15500000,7500000,5,1,1,0
25,440000,2000000,17,8500000,4000000,1,0,1,0
47,560000,3900000,23,13400000,5900000,10,1,1,0
22,720000,2484162,17,12750000,4750000,1,0,1,0
48,460000,3900000,17,10500000,5500000,10,1,1,0
27,550000,3200000,17,9000000,3000000,10,1,1,0
26,660000,2860000,11,10500000,5500000,0,0,1,0
22,460000,2310000,17,9750000,4750000,1,0,1,0
29,1340000,4924573,17,26000000,9000000,1,1,0,0
24,760000,2379500,11,7500000,2500000,1,0,1,0
39,2460000,12000000,23,71000000,9000000,10,1,0,2
33,590000,3500000,11,9000000,4500000,0,0,1,0
19,800000,2272600,17,15500000,6500000,1,0,1,0
29,1030000,3000000,11,14250000,5750000,10,1,1,0
52,510000,4602000,17,8000000,2500000,10,1,1,0
32,720000,2400000,11,8000000,2500000,1,1,1,0
36,560000,3900000,23,12250000,4750000,5,1,1,0
30,1470000,2340000,5,11000000,5000000,5,0,1,0
41,460000,4500000,17,7250000,2250000,10,1,1,0
37,600000,1300000,17,9750000,3250000,0,1,1,0
32,530000,1300000,11,7500000,3500000,5,1,1,0
22,460000,1500000,17,7300000,2300000,10,0,1,0
47,600000,7800000,17,14000000,7500000,5,1,1,0
37,630000,1250000,17,12500000,5500000,1,1,1,0
56,590000,4000000,23,12250000,4250000,10,1,1,0
38,400000,2800000,23,8750000,3500000,5,0,1,0
44,300000,2847500,17,7250000,4250000,1,1,1,0
29,460000,3900000,17,7300000,2300000,0,0,1,0
55,330000,4200000,23,7000000,3000000,8,1,1,0
28,1090000,6617400,11,14500000,5500000,1,1,1,0
24,890000,8174000,17,15500000,5500000,1,0,1,0
24,720000,1500000,17,13750000,5750000,0,0,1,0
40,550000,2950000,17,14000000,8000000,5,0,1,0
32,550000,2080000,17,10000000,4000000,10,0,1,0
37,740000,2358000,23,19000000,9000000,1,0,1,0
29,660000,2124000,11,8000000,3000000,1,0,1,0
46,300000,3120000,17,6000000,3000000,5,0,1,0
46,380000,2600000,23,9500000,4500000,5,1,1,0
37,680000,2340000,23,15500000,6250000,0,0,1,0
32,350000,2700000,17,6000000,2500000,1,0,1,0
26,830000,2000000,17,15500000,6250000,1,0,1,0
50,800000,2730000,17,14500000,5500000,5,1,1,0
37,500000,10500000,23,10500000,4000000,10,1,1,0
40,380000,2143733,23,10500000,5500000,1,1,1,0
43,670000,8464119,17,12250000,4750000,1,1,1,0
40,760000,2652000,17,12250000,3750000,10,1,1,0
23,600000,3564000,17,9500000,3000000,1,0,1,0
35,740000,11700000,23,15500000,5500000,5,1,1,0
39,410000,3000000,11,6000000,3000000,0,0,1,0
54,590000,3250000,23,14500000,6500000,5,1,1,0
36,330000,6240000,23,7750000,3750000,5,0,1,0
36,1150000,3925200,23,30000000,12000000,1,0,0,0
31,560000,3100000,23,12750000,5250000,1,1,1,0
39,380000,3120000,23,9500000,4500000,5,1,1,0
42,2930000,14300000,23,101000000,51000000,0,1,0,2
33,610000,3900000,23,14500000,7500000,0,1,1,0
31,530000,4097900,11,7750000,3750000,1,1,1,0
46,530000,4250000,11,7250000,3250000,0,1,1,0
42,380000,2800000,23,7750000,2750000,0,1,1,0
40,730000,2600000,35,25000000,10000000,0,1,0,0
50,410000,5200000,11,7000000,4000000,5,1,1,0
48,1310000,4550000,11,30000000,20000000,0,1,0,0
44,630000,3120000,17,12250000,5250000,0,1,1,0
59,550000,5200000,17,9000000,3000000,5,1,1,0
35,800000,3640000,17,13750000,4750000,5,1,1,0
21,740000,4095000,23,17000000,7000000,5,0,1,0
32,480000,2100000,17,9000000,3750000,0,0,1,0
30,670000,1700000,17,12250000,4750000,0,1,1,0
37,660000,5200000,11,7500000,2500000,5,1,1,0
36,510000,2058000,17,12250000,6750000,1,1,1,0
34,560000,3117642,11,8750000,4500000,1,1,1,0
41,630000,2730000,17,16500000,9500000,5,1,1,0
39,630000,4000000,17,12250000,5250000,10,0,1,0
40,730000,2222890,11,9750000,4000000,1,1,1,0
29,970000,13000000,11,12000000,4000000,10,0,1,0
30,830000,2730000,17,15500000,6250000,5,0,1,0
36,590000,10000000,11,9000000,4500000,0,1,1,0
44,1590000,4546991,23,42000000,17000000,0,1,0,0
42,390000,3120000,17,7000000,3000000,5,1,1,0
38,460000,2501406,17,8500000,3500000,1,1,1,0
45,2640000,12000000,23,76000000,31000000,10,1,0,2
27,300000,1600000,17,9000000,6000000,1,0,1,0
29,550000,4160000,17,11000000,5000000,5,1,1,0
49,760000,5200000,11,12250000,5500000,5,1,1,0
24,380000,3109000,23,9750000,4000000,1,0,1,0
21,670000,4500000,17,12500000,4250000,1,0,1,0
52,380000,1560000,23,10000000,4250000,10,1,1,0
31,660000,4189112,11,8500000,2750000,1,1,1,0
32,810000,3600000,23,17000000,5250000,5,1,1,0
40,460000,3567000,17,16000000,10250000,1,1,1,0
56,460000,3900000,17,9500000,3750000,10,1,1,0
24,1000000,5000000,23,21000000,6500000,5,1,1,0
45,550000,5000000,17,17000000,10250000,10,1,1,0
21,900000,3782200,23,22000000,9000000,1,0,1,0
43,580000,12000000,17,10000000,3000000,10,1,1,0
44,1030000,6500000,11,20000000,10750000,10,1,1,0
41,460000,3340000,17,18000000,12250000,1,0,1,0
54,630000,7800000,17,13500000,5750000,8,1,1,0
39,510000,4312000,17,9500000,3250000,1,1,1,0
52,3330000,39000000,11,55000000,25000000,10,1,0,2
32,2450000,7800000,35,85000000,27000000,10,1,0,2
45,600000,3750000,17,11500000,4250000,8,1,1,0
49,760000,3480000,11,11000000,4250000,0,1,1,0
35,1100000,6300000,23,26000000,10000000,10,1,1,0
44,630000,800000,17,11500000,3750000,0,1,1,0
20,1440000,6396000,23,63000000,38000000,10,0,0,2
51,420000,3900000,23,9500000,3250000,10,1,1,0
54,760000,3750000,11,10000000,3250000,10,1,1,0
32,820000,3159500,11,10500000,3250000,1,1,1,0
38,460000,1200000,17,9500000,3750000,0,0,1,0
40,790000,3000000,11,10750000,3750000,5,1,1,0
45,1120000,3900000,11,15750000,5750000,10,1,1,0
39,1280000,7100000,11,18000000,7000000,7,1,1,0
33,510000,3900000,17,8980000,2730000,5,0,1,0
49,790000,1040000,11,10350000,3350000,5,1,1,0
55,4510000,7507500,35,170000000,63000000,5,1,0,2
43,2390000,2080000,35,87000000,31000000,10,1,0,2
26,800000,3500000,17,16450000,6700000,1,0,1,0
37,460000,3900000,17,12550000,6800000,5,1,1,0
37,1030000,6500000,11,15750000,6500000,5,1,1,0
52,520000,3900000,23,12250000,4500000,5,1,1,0
48,1420000,4375000,35,60000000,30000000,0,1,0,2
32,1490000,9000000,35,60000000,25000000,10,1,0,2
38,460000,4275000,17,8980000,3230000,1,0,1,0
31,580000,3857500,17,10050000,3050000,1,0,1,0
49,660000,1560000,11,8550000,2800000,8,1,1,0
38,550000,6000000,17,10350000,3600000,5,1,1,0
44,1860000,10500000,11,23000000,7000000,5,1,1,0
23,850000,2900000,11,12150000,4400000,2,0,1,0
55,520000,5760000,23,13550000,5800000,0,1,1,0
25,630000,4500000,17,12250000,4500000,1,0,1,0
45,660000,3900000,11,10050000,4300000,5,1,1,0
23,1010000,6000000,17,17150000,5150000,5,0,1,0
35,760000,5000000,17,17850000,8600000,5,0,1,0
48,1250000,6240000,5,11450000,5700000,5,1,1,0
41,800000,2800000,17,13950000,4200000,1,0,1,0
45,3370000,26250000,35,120000000,40000000,10,1,0,2
39,850000,6000000,11,12950000,5200000,5,1,1,0
40,1490000,6000000,35,60500000,25500000,10,1,0,2
50,1730000,8000000,23,60000000,30000000,5,1,0,2
33,380000,1600000,23,12250000,6500000,10,1,1,0
34,460000,5200000,17,11550000,5800000,10,1,1,0
45,2190000,19200000,35,125000000,73000000,10,1,0,2
29,660000,5850000,11,11150000,5400000,5,1,1,0
25,550000,5070000,17,12950000,6200000,5,1,1,0
22,590000,1560000,23,18550000,9800000,10,0,1,0
39,2360000,45000000,35,80000000,24000000,1,1,0,2
43,460000,4000000,17,9000000,3250000,1,0,1,0
50,850000,4200000,11,12250000,4500000,5,1,1,0
42,660000,2000000,11,10050000,4300000,1,1,1,0
42,460000,1300000,17,9700000,3950000,5,1,1,0
46,850000,8567000,11,11850000,4100000,0,1,1,0
27,630000,5200000,17,11850000,4100000,5,1,1,0
43,380000,1410000,23,8980000,3230000,1,1,1,0
31,590000,2600000,23,14500000,5750000,10,1,1,0
35,720000,7800000,17,13250000,4500000,10,1,1,0
56,910000,10400000,11,12900000,4650000,5,1,1,0
34,460000,2250000,17,14250000,8500000,10,1,1,0
21,550000,5200000,17,9700000,2950000,10,0,1,0
42,3330000,35000000,35,120000000,42000000,10,1,0,2
36,2640000,19500000,35,100000000,38000000,5,1,0,2
35,2050000,12000000,35,75000000,27000000,10,1,0,2
56,2560000,12560000,35,95000000,35000000,10,1,0,2
21,660000,3900000,11,11850000,6100000,5,0,1,0
39,850000,7800000,11,12250000,4500000,10,1,1,0
40,460000,4000000,17,18550000,12800000,1,1,1,0
48,3840000,24960000,17,150000000,97000000,5,1,0,2
25,480000,3900000,23,10050000,3050000,5,1,1,0
41,660000,3000000,11,8280000,2530000,1,1,1,0
49,2770000,18000000,35,100000000,35000000,10,1,0,2
34,660000,1820000,11,9000000,3250000,5,1,1,0
45,1920000,6000000,35,70000000,25000000,0,1,0,2
45,630000,6500000,17,11850000,4100000,10,0,1,0
36,460000,2295000,23,11550000,4800000,1,1,1,0
51,1580000,14000000,35,57000000,20000000,10,1,0,0
32,760000,3900000,11,10750000,4000000,5,0,1,0
24,520000,3900000,23,12250000,4500000,1,1,1,0
42,2780000,19500000,35,105000000,39000000,5,1,0,2
45,2990000,24000000,23,80000000,28000000,10,1,0,2
45,2070000,7000000,35,70000000,21000000,0,1,0,2
43,630000,9100000,17,12150000,4400000,1,1,1,0
34,460000,3510000,17,8550000,2800000,10,1,1,0
49,380000,3900000,23,11550000,5800000,5,1,1,0
28,670000,6500000,23,16450000,6700000,10,0,1,0
25,600000,2400000,17,11550000,4300000,5,0,1,0
43,1920000,10400000,35,70000000,25000000,7,1,0,2
55,1880000,12000000,35,68000000,24000000,10,1,0,2
25,720000,3900000,17,13650000,4900000,5,1,1,0
41,2680000,19500000,35,85000000,30000000,10,0,0,2
44,670000,3920000,23,14250000,4500000,10,1,1,0
39,1840000,58500000,23,53000000,21000000,10,1,0,2
34,460000,3600000,17,8980000,3230000,1,1,1,0
44,850000,10000000,11,12250000,4500000,0,1,1,0
32,580000,2820000,17,10350000,3350000,1,0,1,0
24,1650000,11700000,35,50000000,15000000,5,0,0,0
38,420000,3000000,23,9680000,3430000,5,1,1,0
29,3910000,15600000,23,90000000,27000000,5,1,0,2
33,2260000,23400000,35,83000000,30000000,5,1,0,2
38,2390000,45000000,35,100000000,44000000,10,1,0,2
51,1800000,11700000,29,57000000,20000000,10,0,0,0
39,2280000,8500000,35,115000000,61000000,10,1,0,2
46,1550000,5720000,23,70000000,45000000,7,1,0,2
34,630000,10000000,17,12250000,4500000,10,1,1,0
37,1670000,10000000,35,63000000,24000000,0,1,0,2
55,4560000,22500000,23,125000000,45000000,10,1,0,2
46,1700000,20000000,35,54000000,19000000,10,0,0,0
50,4940000,75000000,35,177000000,61000000,5,1,0,2
49,3000000,13500000,23,81000000,29000000,8,1,0,2
24,1490000,7800000,35,55000000,20000000,10,1,0,0
33,1370000,10200000,35,50000000,18000000,10,0,0,0
52,2120000,23000000,35,80000000,35000000,10,1,0,2
28,1220000,4500000,35,39000000,14000000,10,1,0,0
55,4720000,9000000,35,175000000,63000000,3,1,0,2
55,3060000,15000000,35,100000000,35000000,10,1,0,2
29,1370000,7500000,35,50000000,18000000,10,1,0,0
41,1610000,16000000,35,51000000,18000000,10,1,0,0
43,2190000,12000000,35,70000000,25000000,10,1,0,2
56,1590000,16500000,23,51000000,26000000,10,1,0,0
37,2710000,7020000,23,73000000,26000000,10,1,0,2
35,8600000,45500000,17,215000000,97000000,5,1,0,2
44,1960000,12750000,35,84000000,38000000,0,1,0,2
56,3770000,19500000,23,110000000,44000000,10,1,0,2
49,1240000,4651446,23,40000000,20000000,0,0,0,0
51,1890000,4835400,35,70000000,30000000,0,1,0,2
35,1650000,39000000,35,85000000,50000000,10,1,0,2
28,3830000,17500000,11,52000000,19000000,10,1,0,0
33,2610000,3498340,23,100000000,58000000,3,1,0,2
38,2350000,5250000,35,85000000,30000000,0,0,0,2
32,1580000,12698400,35,69000000,32000000,5,0,0,2
52,1660000,10500000,35,54000000,20000000,10,1,0,0
41,2040000,18310000,23,50000000,18000000,10,1,0,0
50,1900000,28000000,17,90000000,64000000,5,1,0,2
47,1490000,6600000,35,55000000,20000000,10,1,0,0
39,3540000,48750000,35,120000000,36000000,5,1,0,2
33,2730000,15000000,23,75000000,32000000,10,1,0,2
41,1770000,5308913,35,65000000,23000000,1,1,0,2
42,3670000,130000000,35,125000000,38000000,10,1,0,2
35,1550000,9600000,23,40000000,15000000,7,1,0,0
34,1490000,26250000,35,60000000,25000000,10,1,0,2
40,2870000,16800000,35,110000000,51000000,10,1,0,2
45,2310000,11077988,35,80000000,31000000,1,1,0,2
49,2350000,15000000,35,85000000,30000000,10,1,0,2
